,user_id,date_cnt,date_sum,model_403.11.1167,model_804.73.2571,model_004.22.1750,model_610,model_68.5.3,model_204.33.1185,model_705.66.3237,model_104.16.3571,model_004.22.1778,model_104.16.3569,model_204.33.1171,model_305.15.2120,model_504.82.1684,model_305.15.3104,model_504.82.1778,model_104.16.3553,model_504.82.1730,model_403.11.1149,model_104.16.3439,model_305.15.2092,model_305.15.2138,model_004.22.1656,model_204.33.1125,model_204.33.1261,model_004.22.1666,model_403.11.1141,model_705.66.3571,model_305.15.2114,model_204.33.1149,model_804.73.2237,model_004.22.1684,E1,E2,E3,E4,E5,E6,E7,E8,E9,E10,E11,E12,E13,E14,E15,E16,E17,E18,E19,E20,E21,E22,E23,E24,E25,E26,E27,E28,E30,E31,E32,E33,E34,E35,E36,E37,E38,E39,E40,E41,E42,quality_0,quality_1,quality_2,quality_5,quality_6,quality_7,quality_8,quality_9,quality_10,quality_11,quality_12,day_max,wd_0,wd_1,wd_2,wd_3,wd_4,wd_5,wd_6,err_rank_max,date_rank_sum,date_rank_max,model_fwver_rank_sum,model_fwver_rank_max,prob
user_id,,,,,,,,,,,,,,,,,,,,,,,,,,,,,,,,,,,,,,,,,,,,,,,,,,,,,,,,,,,,,,,,,,,,,,,,,,,,,,,,,,,,,,,,,,,,,,,,,,,,
date_cnt,-0.00163674,,,,,,,,,,,,,,,,,,,,,,,,,,,,,,,,,,,,,,,,,,,,,,,,,,,,,,,,,,,,,,,,,,,,,,,,,,,,,,,,,,,,,,,,,,,,,,,,,,,
date_sum,0.00611535,0.088706637,,,,,,,,,,,,,,,,,,,,,,,,,,,,,,,,,,,,,,,,,,,,,,,,,,,,,,,,,,,,,,,,,,,,,,,,,,,,,,,,,,,,,,,,,,,,,,,,,,
model_403.11.1167,0.004992334,0.009129529,0.709945359,,,,,,,,,,,,,,,,,,,,,,,,,,,,,,,,,,,,,,,,,,,,,,,,,,,,,,,,,,,,,,,,,,,,,,,,,,,,,,,,,,,,,,,,,,,,,,,,,
model_804.73.2571,0.009851087,0.010612253,-0.002490735,-0.001032126,,,,,,,,,,,,,,,,,,,,,,,,,,,,,,,,,,,,,,,,,,,,,,,,,,,,,,,,,,,,,,,,,,,,,,,,,,,,,,,,,,,,,,,,,,,,,,,,
model_004.22.1750,0.01900185,0.100533243,0.143221222,-0.011999979,-0.008104088,,,,,,,,,,,,,,,,,,,,,,,,,,,,,,,,,,,,,,,,,,,,,,,,,,,,,,,,,,,,,,,,,,,,,,,,,,,,,,,,,,,,,,,,,,,,,,,
model_610,-0.006433114,-0.086968197,-0.005594613,-0.000869562,-0.000587251,-0.006809008,,,,,,,,,,,,,,,,,,,,,,,,,,,,,,,,,,,,,,,,,,,,,,,,,,,,,,,,,,,,,,,,,,,,,,,,,,,,,,,,,,,,,,,,,,,,,,
model_68.5.3,-0.006370232,-0.058634302,-0.004366376,-0.000584338,-0.000394628,-0.004588129,-0.000332472,,,,,,,,,,,,,,,,,,,,,,,,,,,,,,,,,,,,,,,,,,,,,,,,,,,,,,,,,,,,,,,,,,,,,,,,,,,,,,,,,,,,,,,,,,,,,
model_204.33.1185,-0.002687957,0.082276667,0.063502427,-0.010065198,-0.006803524,-0.079100975,-0.005731941,-0.003851815,,,,,,,,,,,,,,,,,,,,,,,,,,,,,,,,,,,,,,,,,,,,,,,,,,,,,,,,,,,,,,,,,,,,,,,,,,,,,,,,,,,,,,,,,,,,
model_705.66.3237,-0.010763959,0.017325761,-0.002382439,-0.001942753,-0.001312022,-0.015254188,-0.001105373,-0.000742801,-0.012683092,,,,,,,,,,,,,,,,,,,,,,,,,,,,,,,,,,,,,,,,,,,,,,,,,,,,,,,,,,,,,,,,,,,,,,,,,,,,,,,,,,,,,,,,,,,
model_104.16.3571,-0.003656152,0.030706256,0.089063379,-0.003339731,-0.00225546,-0.026223042,-0.001900216,-0.001276929,-0.022014703,-0.004245414,,,,,,,,,,,,,,,,,,,,,,,,,,,,,,,,,,,,,,,,,,,,,,,,,,,,,,,,,,,,,,,,,,,,,,,,,,,,,,,,,,,,,,,,,,
model_004.22.1778,0.008340192,0.095807397,0.101337855,-0.010851087,-0.007328194,0.447302518,-0.006135388,-0.004148856,-0.071527758,-0.013793734,-0.023712418,,,,,,,,,,,,,,,,,,,,,,,,,,,,,,,,,,,,,,,,,,,,,,,,,,,,,,,,,,,,,,,,,,,,,,,,,,,,,,,,,,,,,,,,,
model_104.16.3569,0.003374634,0.004085026,0.009836825,-0.000360969,-0.000243777,-0.00283427,-0.000205381,-0.000138014,-0.002379419,-0.000458858,0.335978021,-0.002562913,,,,,,,,,,,,,,,,,,,,,,,,,,,,,,,,,,,,,,,,,,,,,,,,,,,,,,,,,,,,,,,,,,,,,,,,,,,,,,,,,,,,,,,,
model_204.33.1171,-0.001827818,-0.005015015,-0.001177774,-0.000500221,-0.00033782,-0.003927658,-0.000284612,-0.000191257,-0.001961217,-0.000635873,-0.001093112,-0.00355162,-0.000118147,,,,,,,,,,,,,,,,,,,,,,,,,,,,,,,,,,,,,,,,,,,,,,,,,,,,,,,,,,,,,,,,,,,,,,,,,,,,,,,,,,,,,,,
model_305.15.2120,0.00649314,-0.018063443,-0.004033379,-0.000654707,-0.000442151,-0.005140656,-0.00037251,-0.000250324,-0.00431567,-0.000832253,-0.001430703,-0.004648483,-0.000154635,-0.000214289,,,,,,,,,,,,,,,,,,,,,,,,,,,,,,,,,,,,,,,,,,,,,,,,,,,,,,,,,,,,,,,,,,,,,,,,,,,,,,,,,,,,,,
model_504.82.1684,-0.007274619,0.015209521,-0.00096915,-0.001729305,-0.001167872,-0.013578228,-0.000983927,-0.000661191,-0.01139916,-0.002198265,-0.003778976,-0.012278233,-0.000408444,-0.000566011,-0.000740815,,,,,,,,,,,,,,,,,,,,,,,,,,,,,,,,,,,,,,,,,,,,,,,,,,,,,,,,,,,,,,,,,,,,,,,,,,,,,,,,,,,,,
model_305.15.3104,0.010123858,0.00200099,-0.002677138,-0.000396921,-0.000268058,-0.003116565,-0.000225837,-0.000151761,-0.002616411,-0.00050456,-0.000867376,-0.002818181,-9.37E-05,-0.000129915,-0.000170037,-0.000449125,,,,,,,,,,,,,,,,,,,,,,,,,,,,,,,,,,,,,,,,,,,,,,,,,,,,,,,,,,,,,,,,,,,,,,,,,,,,,,,,,,,,
model_504.82.1778,-0.014768383,0.013078393,-0.001702142,-0.001595962,-0.00107782,-0.012531243,-0.000908059,-0.000610208,-0.010520198,-0.002028762,-0.003487588,-0.011331488,-0.00037695,-0.000522367,-0.000683692,0.691774535,-0.000414494,,,,,,,,,,,,,,,,,,,,,,,,,,,,,,,,,,,,,,,,,,,,,,,,,,,,,,,,,,,,,,,,,,,,,,,,,,,,,,,,,,,
model_104.16.3553,0.002766555,0.081604701,0.3697279,-0.009343328,-0.006311599,-0.073381624,-0.005317496,-0.003573311,-0.059834128,-0.011880216,0.175955528,-0.066355984,-0.002207376,0.001449212,-0.004003628,-0.01057495,-0.002427233,-0.009759541,,,,,,,,,,,,,,,,,,,,,,,,,,,,,,,,,,,,,,,,,,,,,,,,,,,,,,,,,,,,,,,,,,,,,,,,,,,,,,,,,,
model_504.82.1730,-0.013010256,-0.000561537,-0.000563182,-0.000319208,-0.000215574,-0.002506368,-0.00018162,-0.000122047,-0.00210414,-0.000405772,-0.000697551,-0.002266406,-7.54E-05,-0.000104478,-0.000136745,-0.00036119,-8.29E-05,0.453110899,-0.001952001,,,,,,,,,,,,,,,,,,,,,,,,,,,,,,,,,,,,,,,,,,,,,,,,,,,,,,,,,,,,,,,,,,,,,,,,,,,,,,,,,
model_403.11.1149,-0.004060616,-0.000158416,-0.000898867,-0.000453081,-0.000340903,-0.003963494,-0.000287209,-0.000193002,-0.003327423,-0.000641675,-0.001103086,-0.003584025,-0.000119225,-0.000165219,-0.000216244,-0.000571175,-0.0001311,-0.000527133,-0.003086835,-0.000105432,,,,,,,,,,,,,,,,,,,,,,,,,,,,,,,,,,,,,,,,,,,,,,,,,,,,,,,,,,,,,,,,,,,,,,,,,,,,,,,,
model_104.16.3439,0.005336174,-0.012086858,-0.000919824,-0.000442787,-0.000299032,-0.00347669,-0.000251933,-0.000169297,-0.002918742,-0.000562863,0.000301275,-0.003143828,-0.000104582,-0.000144926,-0.000189685,-0.000501022,-0.000114998,-0.00046239,0.00212049,-9.25E-05,-0.000146249,,,,,,,,,,,,,,,,,,,,,,,,,,,,,,,,,,,,,,,,,,,,,,,,,,,,,,,,,,,,,,,,,,,,,,,,,,,,,,,
model_305.15.2092,0.012783974,-0.013083414,-0.002090103,-0.000319208,-0.000215574,-0.002506368,-0.00018162,-0.000122047,-0.00210414,-0.000405772,-0.000697551,-0.002266406,-7.54E-05,-0.000104478,-0.000136745,-0.00036119,-8.29E-05,-0.00033334,-0.001952001,-6.67E-05,-0.000105432,-9.25E-05,,,,,,,,,,,,,,,,,,,,,,,,,,,,,,,,,,,,,,,,,,,,,,,,,,,,,,,,,,,,,,,,,,,,,,,,,,,,,,
model_305.15.2138,-0.002938967,0.005480461,0.52848191,-0.002552223,-0.001724667,-0.020044247,-0.001453025,-0.00097642,-0.016792631,-0.003246311,-0.005580642,-0.018117693,-0.000603173,-0.000835862,-0.000422203,-0.002889643,-0.000449077,-0.002666829,-0.015616669,-0.000533391,-0.000843489,-0.00073989,0.00019683,,,,,,,,,,,,,,,,,,,,,,,,,,,,,,,,,,,,,,,,,,,,,,,,,,,,,,,,,,,,,,,,,,,,,,,,,,,,,
model_004.22.1656,0.004396465,-0.014474734,0.016856557,-0.000319208,-0.000215574,0.080671161,-0.00018162,-0.000122047,-0.00210414,-0.000405772,-0.000697551,0.051803814,-7.54E-05,-0.000104478,-0.000136745,-0.00036119,-8.29E-05,-0.00033334,-0.001952001,-6.67E-05,-0.000105432,-9.25E-05,-6.67E-05,-0.000533391,,,,,,,,,,,,,,,,,,,,,,,,,,,,,,,,,,,,,,,,,,,,,,,,,,,,,,,,,,,,,,,,,,,,,,,,,,,,
model_204.33.1125,0.014725493,0.000922001,-0.002059364,-0.000412291,-0.000278437,-0.003237245,-0.000234582,-0.000157637,-0.002717724,-0.000524098,-0.000621654,-0.002927307,-9.74E-05,-0.000134945,-0.000176621,-0.000466516,-0.000107078,-0.000430544,-0.00198448,-8.61E-05,-0.000136176,-0.000119451,-8.61E-05,-0.000585705,-8.61E-05,,,,,,,,,,,,,,,,,,,,,,,,,,,,,,,,,,,,,,,,,,,,,,,,,,,,,,,,,,,,,,,,,,,,,,,,,,,
model_204.33.1261,-0.002806901,0.112682308,0.056889423,-0.016589611,-0.011243809,-0.130333254,-0.009472862,-0.006365682,0.507334823,-0.020033993,-0.0156386,-0.118136952,-0.003932334,0.00145411,-0.00713227,-0.018688701,-0.004323998,-0.017348577,-0.066790302,-0.003477396,-0.005499048,-0.001782724,-0.003477396,-0.027103923,-0.003477396,-0.002682861,,,,,,,,,,,,,,,,,,,,,,,,,,,,,,,,,,,,,,,,,,,,,,,,,,,,,,,,,,,,,,,,,,,,,,,,,,
model_004.22.1666,0.001860737,-0.044549459,-0.00305903,-0.000387102,-0.000261426,-0.003039466,-0.000220251,-0.000148007,-0.002551685,-0.000492078,-0.000845918,-0.002748464,-9.14E-05,-0.000126701,-0.00016583,-0.000438014,-0.000100536,-0.00040424,-0.002367187,-8.09E-05,-0.000127857,-0.000112153,-8.09E-05,-0.000646842,-8.09E-05,-0.000104429,-0.004217028,,,,,,,,,,,,,,,,,,,,,,,,,,,,,,,,,,,,,,,,,,,,,,,,,,,,,,,,,,,,,,,,,,,,,,,,,
model_403.11.1141,-0.008184276,-0.014373958,-0.002129224,0.000377992,-0.000230911,-0.002684683,-0.000194542,-0.00013073,-0.002253838,-0.00043464,-0.000747178,-0.002427648,-8.08E-05,-0.000111911,-0.000146474,-0.000386887,-8.88E-05,-0.000357055,-0.002090876,-7.14E-05,-0.000112933,-9.91E-05,-7.14E-05,-0.000571339,-7.14E-05,-9.22E-05,-0.003724794,-8.66E-05,,,,,,,,,,,,,,,,,,,,,,,,,,,,,,,,,,,,,,,,,,,,,,,,,,,,,,,,,,,,,,,,,,,,,,,,
model_705.66.3571,0.003115539,0.010015068,-0.001264882,-0.001014091,-0.000684858,-0.007962481,-0.00057699,-0.000387732,-0.006684643,0.338606782,-0.002216049,-0.007200144,-0.000239518,-0.000331917,-0.000434425,-0.001147465,-0.000263374,-0.001058987,-0.006201313,-0.000211807,-0.000334946,-0.000293807,-0.000211807,-0.001694531,-0.000211807,-0.000273572,-0.009653802,-0.000256858,-0.000226876,,,,,,,,,,,,,,,,,,,,,,,,,,,,,,,,,,,,,,,,,,,,,,,,,,,,,,,,,,,,,,,,,,,,,,,
model_305.15.2114,0.011269772,-0.021431332,-0.0024042,-0.000319208,-0.000215574,-0.002506368,-0.00018162,-0.000122047,-0.00210414,-0.000405772,-0.000697551,-0.002266406,-7.54E-05,-0.000104478,-0.000136745,-0.00036119,-8.29E-05,-0.00033334,-0.001952001,-6.67E-05,-0.000105432,-9.25E-05,-6.67E-05,-0.000340344,-6.67E-05,-8.61E-05,-0.003477396,-8.09E-05,-7.14E-05,-0.000211807,,,,,,,,,,,,,,,,,,,,,,,,,,,,,,,,,,,,,,,,,,,,,,,,,,,,,,,,,,,,,,,,,,,,,,
model_204.33.1149,-0.006411985,-0.013602603,-0.000470125,-0.000797095,-0.000546073,-0.005830348,-0.000460064,-0.000309159,-0.004113526,-0.001027864,-0.000255886,-0.005741053,-0.00019098,-0.000264655,-0.00034639,-0.000914934,-0.000210002,-0.000844386,-0.000997953,-0.000168885,-0.00026707,-0.000234268,-0.000168885,-0.001299441,-0.000168885,-0.000218133,0.001086176,-0.000204807,-0.0001809,-0.000536531,-0.000168885,,,,,,,,,,,,,,,,,,,,,,,,,,,,,,,,,,,,,,,,,,,,,,,,,,,,,,,,,,,,,,,,,,,,,
model_804.73.2237,-0.01122788,0.008986575,0.01614195,-0.001026045,0.162264743,-0.008056342,-0.000583792,-0.000392303,-0.006638968,-0.001304292,-0.002242172,-0.007285019,-0.000242341,-0.00033583,-0.000439546,-0.001160991,-0.000266478,-0.00107147,-0.006274414,-0.000214304,-0.000338894,-0.00029727,-0.000214304,-0.001714506,-0.000214304,-0.000276797,-0.010832895,-0.000259886,-0.000229551,-0.000680823,-0.000214304,-0.000200322,,,,,,,,,,,,,,,,,,,,,,,,,,,,,,,,,,,,,,,,,,,,,,,,,,,,,,,,,,,,,,,,,,,,
model_004.22.1684,-0.001532109,0.00665408,-0.005679572,-0.001331194,-0.000899011,-0.001763439,-0.000757413,-0.000508975,-0.00877491,-0.001692193,-0.002909001,-0.006199153,-0.000314414,-0.000435707,-0.000570268,-0.001506274,-0.00034573,-0.001390129,-0.008140445,-0.000278039,-0.000439682,-0.00038568,-0.000278039,-0.002207843,-0.000278039,-0.000359117,-0.014501809,-0.000337177,-0.00029782,-0.000883302,-0.000278039,-0.000704303,-0.000893714,,,,,,,,,,,,,,,,,,,,,,,,,,,,,,,,,,,,,,,,,,,,,,,,,,,,,,,,,,,,,,,,,,,
E1,-0.009273016,0.046985511,0.063505272,0.163041024,-0.005198405,-0.059191941,-0.004379634,-0.002943076,-0.049868393,-0.009784869,-0.016649449,-0.053392801,-0.001818055,-0.002519414,-0.002825985,-0.008709817,-0.001999135,-0.008038224,-0.046282231,-0.001607721,0.026147032,-0.002230139,-0.001607721,-0.012115024,-0.001607721,-0.002076546,-0.081978461,-0.001949679,0.025151078,-0.00510757,-0.001607721,-0.002963343,-0.005167778,-0.006325644,,,,,,,,,,,,,,,,,,,,,,,,,,,,,,,,,,,,,,,,,,,,,,,,,,,,,,,,,,,,,,,,,,
E2,0.011210837,0.002909408,0.012415945,-0.001177604,-0.000618796,-0.001005062,-0.000670025,-0.000450251,0.133441101,-0.001496953,-0.002555583,-0.002755984,-0.000278138,-0.000385436,-0.000504472,0.001051357,-0.000305841,0.00016667,-0.006054294,-0.00024596,-0.000388953,-0.000341181,-0.00024596,0.000209966,0.000319335,-0.000317683,0.061979726,-0.000298275,-0.000263458,-0.000781389,-0.00024596,-0.00062173,-0.000575151,-0.000988587,-0.005916571,,,,,,,,,,,,,,,,,,,,,,,,,,,,,,,,,,,,,,,,,,,,,,,,,,,,,,,,,,,,,,,,,
E3,-0.004590236,0.001679399,0.102926981,-0.000418122,-0.000695959,-0.008923311,-0.000646615,-0.00043452,-0.007483338,0.008484428,-0.002483459,-0.008068983,-0.00026842,-0.00037197,0.00204344,-0.001285929,0.00071469,-0.001186774,-0.006949624,-0.000237366,-0.000375364,-0.000329261,-0.000121608,0.201739134,-0.000237366,-0.000298888,-0.012105593,-0.000287853,-0.000138811,0.001663644,-0.000121608,-0.000583978,-0.000349362,-0.00098989,0.000412949,-0.000791581,,,,,,,,,,,,,,,,,,,,,,,,,,,,,,,,,,,,,,,,,,,,,,,,,,,,,,,,,,,,,,,,
E4,-0.000356092,0.00399862,0.64447822,0.202949863,-0.000102965,-0.013968258,-0.001020496,-0.000685765,-0.011801069,0.00094163,-0.003871064,-0.01265916,-0.000423624,-0.000587047,0.000305637,-0.002019205,-0.000209578,-0.001864904,-0.01081929,-0.000374614,0.000570415,-0.000519559,-3.66E-05,0.93210482,-0.000357281,-0.000121481,-0.01917689,-0.000454294,-8.15E-05,0.000729663,-0.000313948,-0.000922376,0.000513044,-0.001551217,0.035800527,-0.001145087,0.002921003,,,,,,,,,,,,,,,,,,,,,,,,,,,,,,,,,,,,,,,,,,,,,,,,,,,,,,,,,,,,,,,
E5,0.009105518,0.087681594,0.08508553,-0.010449189,0.023510261,0.198629045,0.014084347,-1.67E-05,0.09780105,0.016627915,0.034975972,0.157404985,-0.002147081,-0.003146741,-0.004527047,0.0194408,-0.002541097,0.019697498,0.07249672,-0.001349569,-0.003006915,-0.001429764,-0.002212649,-0.016446982,0.026592637,-0.00279378,0.132393063,-0.002770494,-0.002411244,0.000603533,-0.002176687,0.001220297,0.010094309,0.012840502,-0.052573864,-0.002273877,-0.007223291,-0.011621786,,,,,,,,,,,,,,,,,,,,,,,,,,,,,,,,,,,,,,,,,,,,,,,,,,,,,,,,,,,,,,
E6,-0.005653959,0.016183787,0.06335653,0.027312416,-0.002287083,0.007150213,-0.002391039,-0.001607692,0.094451955,-0.002400769,-0.002435445,0.007584158,-0.000734776,-0.001009629,-0.000700514,0.000518386,-0.000823628,-0.00074912,0.018927498,0.000165585,0.002528203,7.16E-05,-0.000617282,0.019109002,0.000687497,-0.000962508,0.154644308,-0.001065036,0.0003605,-0.001761079,-0.000356326,-0.001050901,0.001209428,-0.002403981,0.023275704,0.003853625,0.032268519,0.005823863,-0.003615751,,,,,,,,,,,,,,,,,,,,,,,,,,,,,,,,,,,,,,,,,,,,,,,,,,,,,,,,,,,,,
E7,-0.004315327,0.01534872,0.062214544,0.021712922,-0.002359445,0.011279748,-0.002296317,-0.001543976,0.122374188,-0.001719668,-0.002011641,0.011334602,-0.000712866,-0.000808913,-0.000592489,0.000754998,-0.000798478,-0.000504939,0.019046627,0.00012989,-0.001257692,5.18E-05,-0.000600101,0.017458966,0.00061655,-0.0006634,0.161293459,-0.001022827,6.72E-05,-0.001460057,-0.000600101,-0.001159749,0.001076123,-0.002104302,-0.000300203,0.0032726,0.029616927,0.004684999,-0.002525203,0.910403658,,,,,,,,,,,,,,,,,,,,,,,,,,,,,,,,,,,,,,,,,,,,,,,,,,,,,,,,,,,,
E8,-0.008835772,-0.006727734,0.00775132,0.012772967,-0.001236022,-0.002269783,-0.001041344,-0.000699774,-0.000741309,0.002719185,-0.003155475,-0.00524399,-0.000432278,-0.00059904,-0.000784044,-0.002070929,-0.000475333,-0.001911245,-0.00720818,-0.000382267,-0.000604506,-0.000530259,-0.000382267,0.003939763,-0.000382267,-0.000493739,0.003646198,-0.000463574,-0.000409464,-0.001214425,-0.000382267,-0.000968325,-0.00122874,-0.001594172,0.028708697,-0.001380953,-0.001045105,0.008840275,0.00303616,-0.0017456,-0.001692598,,,,,,,,,,,,,,,,,,,,,,,,,,,,,,,,,,,,,,,,,,,,,,,,,,,,,,,,,,,
E9,-0.008414537,0.006654602,0.007508379,-0.001318095,-0.000994514,0.017777585,-0.000837874,-0.000563044,0.018563865,-0.001871957,0.009580252,0.01239681,-0.000347815,-0.000481993,-0.000630849,-0.001666287,-0.000382457,-0.001537804,0.006953467,-0.000307575,-0.00048639,-0.000426651,-0.000307575,-0.000983794,-0.000307575,-0.000397267,0.003894623,-0.000372996,-0.000329458,-0.000977137,-0.000307575,-0.000779122,-0.000988655,-0.001282684,-0.003769118,-0.001027027,0.000546239,-0.001379385,0.076430118,0.003260002,0.003019426,0.001160412,,,,,,,,,,,,,,,,,,,,,,,,,,,,,,,,,,,,,,,,,,,,,,,,,,,,,,,,,,
E10,-0.010499822,0.005774914,0.14433749,0.000632801,-0.000554175,0.019686559,-0.000468161,-0.0003146,-0.00251111,0.000785163,-0.000952078,0.020470344,-0.000191621,-0.000255738,0.00012009,-0.000873964,-4.51E-05,-0.000761755,0.009697142,-0.00013321,-0.00027177,-0.000238391,-0.000171857,0.2477498,-0.000171857,-0.000217201,-0.004112797,-0.000208411,-0.000145542,-0.00012147,-0.000171857,-0.000412654,-0.000461066,-0.000659908,-0.000341102,-0.000621523,0.219936001,0.00104083,-4.59E-05,0.024627057,0.023566075,-0.000677674,0.000405338,,,,,,,,,,,,,,,,,,,,,,,,,,,,,,,,,,,,,,,,,,,,,,,,,,,,,,,,,
E11,-0.007539062,0.037861594,0.133025906,0.004689646,-0.001243511,0.086722074,-0.004741426,-0.003188025,0.002871187,0.006190177,9.04E-05,0.081940148,-0.000478251,0.000236357,-0.000153468,-0.00125985,0.001329099,-0.001065783,0.05282301,-0.000380206,-0.002752666,-0.001050187,-0.001145951,0.155319719,-0.000975785,0.000707785,0.005219461,-0.002111948,-0.000762372,0.001011967,-0.001145951,0.000112934,-0.001266885,-0.006321423,0.018250928,0.000850258,0.746985947,0.002954889,0.009336394,0.050758861,0.047462658,-0.002459142,0.002109909,0.292712602,,,,,,,,,,,,,,,,,,,,,,,,,,,,,,,,,,,,,,,,,,,,,,,,,,,,,,,,
E12,-0.008083627,0.03811047,0.131917733,0.004719838,-0.001307415,0.085453004,-0.004926778,-0.003312573,0.007115299,0.006555148,3.79E-05,0.080223361,-0.000560573,0.00011903,-0.000230487,-0.001406895,0.001272721,-0.001217304,0.055350211,-0.000283608,-0.002743704,-0.00106751,-0.001131363,0.149534689,-0.000961812,0.000654049,0.01494034,-0.002112212,-0.000839233,0.001517413,-0.001131363,0.000117273,-0.001439223,-0.006539111,0.017518063,0.000785971,0.740411892,0.003096186,0.008868717,0.070688536,0.067070449,-0.002706586,0.001554885,0.269747003,0.991761884,,,,,,,,,,,,,,,,,,,,,,,,,,,,,,,,,,,,,,,,,,,,,,,,,,,,,,,
E13,0.001143833,0.003795362,0.021384568,-0.000392514,-0.000410409,-0.00184592,-0.000585584,-0.000393508,0.023590565,0.000392849,-0.001411023,-0.000461969,-0.000243085,-0.000336861,-0.000239136,-0.000618634,-0.000233295,-0.000635032,0.033811585,-7.38E-05,-0.000339935,-0.000161672,-7.38E-05,0.000249197,0.000208507,-0.000268263,0.058307246,-0.00012374,-8.95E-05,0.00123988,-7.38E-05,-0.000363555,0.000167269,-0.000753797,-0.002564031,-0.000470758,0.002527088,-0.000264029,-0.002275725,0.107403653,0.108396501,-0.00092048,-0.000442054,0.003398951,0.012846405,0.086379563,,,,,,,,,,,,,,,,,,,,,,,,,,,,,,,,,,,,,,,,,,,,,,,,,,,,,,
E14,-0.003715803,0.002258461,0.111158886,0.001705827,-0.001632126,0.082814237,-0.001512639,-0.001016756,0.064367985,0.001445094,0.014456277,0.022163058,-0.000595361,-0.000586353,-0.000177822,-0.001937716,-0.000385248,-0.001886182,0.02707247,-0.000257894,-0.000865177,-0.000507258,-0.000489308,0.087111541,-0.000357071,-0.000675321,0.210767004,-0.000633473,-0.000430097,-0.000435502,-0.000456249,-0.000434679,0.277668884,-0.000331231,-0.006639063,-0.001335243,0.294192327,0.000256823,0.00162782,0.252770071,0.24201693,-0.00243212,0.006500233,0.103954248,0.3716195,0.373941903,0.029949408,,,,,,,,,,,,,,,,,,,,,,,,,,,,,,,,,,,,,,,,,,,,,,,,,,,,,
E15,0.005535351,0.46072339,0.089728354,-0.023262556,-0.002711918,0.178852324,-0.033855085,-0.022768358,0.178071772,0.004983903,0.032927864,0.164195366,0.007777818,-0.006676607,-0.023166222,0.023156129,-0.014229977,0.016021138,0.047513023,-0.001975768,-0.019668638,-0.006845656,-0.008369186,-0.007358321,-0.003254452,-0.003493982,0.287060306,-0.015083194,-0.010772211,0.006993927,-0.011856506,0.009600117,0.001176069,-0.045491321,-0.12957634,0.003298531,-0.011100565,-0.012750031,0.096071716,-0.003810645,0.001972055,-0.011412631,0.009142962,-0.005700093,0.007426399,0.00623438,-0.00731663,-0.007658938,,,,,,,,,,,,,,,,,,,,,,,,,,,,,,,,,,,,,,,,,,,,,,,,,,,,
E16,0.007696178,0.41825104,0.097099379,-0.014117694,-0.000147152,0.14629458,-0.028710116,-0.019307154,0.140729815,0.012155366,0.033581543,0.129708882,0.009146835,-0.003482573,-0.019155353,0.017438977,-0.011772635,0.009293089,0.060402091,-0.004468879,-0.016678648,-0.006143309,-0.006115027,0.015814197,-0.002949358,-0.006347278,0.232770611,-0.012790275,-0.008645416,0.010951638,-0.010040458,0.00351389,0.00519963,-0.037773002,-0.079195904,-0.000512542,-0.001799471,0.001588643,0.078671918,-0.000607747,0.003524363,-0.011399679,0.009744399,-0.00170306,0.015087453,0.014170977,-0.007243567,-0.005693949,0.959654508,,,,,,,,,,,,,,,,,,,,,,,,,,,,,,,,,,,,,,,,,,,,,,,,,,,
E17,0.003029031,0.085117485,0.098775889,0.070518292,0.01086843,-0.043925065,-0.006204431,-0.004175536,-0.013540016,-0.002638254,0.057242359,-0.030080004,0.002989703,0.00170983,-0.004678376,-0.003774972,-0.002836304,-0.005540409,0.14669956,-0.00228098,-0.003607072,0.000722436,-0.00228098,-0.005437277,-0.00228098,-0.00098745,-0.000194384,-0.002766138,-0.00244326,0.003971451,-0.00228098,-0.001640855,0.014091195,-0.006412246,0.04795043,-0.007261317,-7.67E-05,0.008549784,0.041193442,0.052187738,0.059630159,-0.003780067,0.011446231,0.003918106,0.006500073,0.007169492,0.006815901,0.029508231,0.067674772,0.074197796,,,,,,,,,,,,,,,,,,,,,,,,,,,,,,,,,,,,,,,,,,,,,,,,,,
E18,0.018326868,0.035120047,0.029185713,-0.008753148,0.011097561,0.079033467,-0.005008304,-0.003365537,0.020964852,0.015126824,0.045048507,0.04447781,0.018365097,0.004371897,0.002138197,-0.000784094,-0.002286098,-0.00301021,0.024858671,-0.0018385,-0.002907348,0.00985537,0.008486285,-0.003935351,0.01881107,0.00350872,0.058889008,-0.002229544,-0.0019693,0.00705062,-0.0018385,0.014230851,-0.00148518,-0.000627817,-0.043201496,0.004970057,-0.005238091,-0.006351199,0.063506644,-0.003704867,-0.001070736,-0.002695693,0.003317052,0.00605993,6.34E-05,-7.84E-05,-0.001462525,-0.007248122,0.116719161,0.120955706,-0.002024331,,,,,,,,,,,,,,,,,,,,,,,,,,,,,,,,,,,,,,,,,,,,,,,,,
E19,0.01466584,0.022590333,0.014930108,-0.004457736,0.002668067,0.047846495,-0.00253633,-0.001704392,0.023964477,0.010519714,0.015840033,0.027987198,-0.001052871,-0.001459041,-0.001909644,-0.002697756,-0.001157737,-0.001427293,0.007277701,-0.000931062,-0.001472354,-0.001291516,0.020101973,-0.00469651,0.020101973,-0.001202567,0.042136746,-0.001129097,-0.000997303,-0.001270331,-0.000931062,0.01913548,-0.002039235,-0.002650963,-0.022169343,-0.00078951,-0.00302267,-0.00401008,0.032013587,-0.00287407,-0.002147138,-0.005338364,0.002826338,-0.00203178,-0.001877459,-0.001710482,0.000266643,-0.004731333,0.072975266,0.073706616,-0.010661394,0.629675262,,,,,,,,,,,,,,,,,,,,,,,,,,,,,,,,,,,,,,,,,,,,,,,,
E20,0.006412593,0.045342503,0.040174232,-0.009807091,0.012880747,0.101921407,-0.00562032,-0.003776806,0.030957583,0.022146173,0.055444887,0.06089622,0.027128043,0.007218792,-0.004231629,0.002045899,-0.00256546,-0.001406938,0.045079616,-0.002063165,-0.003262626,0.013416531,-0.002063165,-0.01542243,0.027694022,0.004259083,0.087348233,-0.002501994,-0.002209948,0.006751337,-0.002063165,0.021957848,-0.001928663,0.001942169,-0.048252845,0.005586425,-0.007230006,-0.010542199,0.075545678,-0.00434118,-0.001052369,-0.00257912,0.004335851,-0.004211639,-0.002658017,-0.00253567,-0.001532132,-0.00757241,0.134649722,0.127280621,0.002766885,0.784110863,0.743790122,,,,,,,,,,,,,,,,,,,,,,,,,,,,,,,,,,,,,,,,,,,,,,,
E21,0.009778232,0.024278754,0.017146091,-0.00423162,0.003038924,0.052545567,-0.002407676,-0.001617938,0.027432226,0.011428974,0.017316906,0.031883723,-0.000999464,-0.001385032,-0.001812778,-0.002351765,-0.001099012,-0.001067164,0.010071,-0.000883835,-0.001397669,-0.001226005,-0.000883835,-0.007011767,0.02095722,-0.001141568,0.048433634,-0.001071824,-0.000946715,-0.001055462,-0.000883835,0.020131566,-0.001850797,-0.002406686,-0.021019631,-0.000513656,-0.003113812,-0.004820384,0.035945253,-0.002512411,-0.001742981,-0.005067578,0.001468999,-0.001924594,-0.001686256,-0.001537932,0.000371847,-0.004414442,0.074859242,0.0718469,-0.008523814,0.603614978,0.969754038,0.769083435,,,,,,,,,,,,,,,,,,,,,,,,,,,,,,,,,,,,,,,,,,,,,,
E22,0.002938308,0.075853433,0.384122294,-0.008819455,-0.004666922,0.363694353,-0.005018452,-0.00337386,0.057517263,-0.006346657,0.133054163,0.262697734,0.019354374,-0.002226276,-0.003780158,-0.005683167,-0.002291752,-0.004660931,0.730938132,0.002454916,-0.002914537,0.000862324,-0.001843047,-0.014716674,0.047450142,-0.001478128,0.036699478,-0.002235057,-0.00197417,-0.003166702,-0.001843047,-0.001208856,-0.003977983,-0.006412141,-0.04350345,-0.005359549,-0.006542923,-0.010201481,0.043664708,-0.002478744,-0.000114133,-0.004464969,-0.000374451,-0.003380512,-0.002873993,-0.002747457,-0.002634371,-0.007450079,0.064636724,0.058117977,0.050550348,0.048458595,0.026522508,0.073344072,0.029854193,,,,,,,,,,,,,,,,,,,,,,,,,,,,,,,,,,,,,,,,,,,,,
E23,0.004262841,0.066234637,0.388195922,-0.007416112,-0.00461168,0.259765655,-0.004220308,-0.002836632,0.142052961,0.002545609,0.135128258,0.183199886,0.017062373,-0.00230112,-0.003178234,-0.006353467,-0.001926831,-0.005978224,0.785126698,0.000206576,-0.002450448,0.001749524,-0.001549574,-0.012385026,0.038464084,-0.001589105,0.024420712,-0.001879164,-0.001659818,-0.003493196,-0.001549574,-0.001561561,-0.003818598,-0.005584595,-0.036614329,-0.004919007,-0.005510135,-0.008576869,0.037032419,-0.001490784,0.000421025,-0.004396393,-0.001176566,-0.002863776,-0.003479359,-0.003088129,-0.002353485,-0.006709084,0.050142934,0.048637702,0.058485057,0.044250137,0.02481437,0.066437937,0.027714492,0.955374756,,,,,,,,,,,,,,,,,,,,,,,,,,,,,,,,,,,,,,,,,,,,
E24,0.004975989,0.021410344,0.115609333,-0.002810865,-0.001269641,0.140502484,-0.001600469,-0.001075502,-0.002433373,-0.002972182,0.009547153,0.043267407,-0.000441067,-0.000920681,-0.001126386,-0.002863086,-0.000730553,-0.002664853,0.217731819,-0.000587517,-0.000929081,-6.14E-05,-0.000587517,0.000617294,-0.000587517,-0.000493215,-0.003615805,-0.00071248,-0.000629315,-0.001664361,-0.000587517,-0.001421539,-0.001332175,-0.002314973,-0.013565148,-0.001802888,-0.000383255,-0.001268305,-0.00218788,0.005968458,0.00588081,-0.000104285,-0.00105886,-0.001041551,-6.19E-05,0.001743803,0.002082507,-0.001624808,0.005611022,0.008841904,0.012633024,0.003823121,0.004129309,0.000762275,0.003078441,0.286710858,0.271407272,,,,,,,,,,,,,,,,,,,,,,,,,,,,,,,,,,,,,,,,,,,
E25,0.003900187,0.020623891,0.016967606,-0.002911625,0.002731938,0.057146818,-0.001672268,-0.00112375,0.004420277,0.004998251,0.013983911,0.041485024,-0.000694185,-0.000961983,-0.001259077,-0.002747884,-0.000763326,-0.002924554,0.015926642,-0.000613873,-0.000970761,0.000819845,-0.000613873,-0.004875588,-0.000613873,-0.000497443,0.007093088,-0.000744443,-0.000657547,0.002053122,-0.000613873,-0.001284069,-0.000854364,-0.002349816,-0.014376553,0.005217434,-0.002169342,-0.003341894,0.0277992,-0.004827232,-0.003998354,-0.002176617,-0.000198724,-0.001465462,-0.000117709,-0.000315757,-0.000898013,-0.003107512,0.046089412,0.048746445,-0.004873078,0.273647559,0.125060167,0.204776478,0.130119199,0.031674753,0.03448064,-0.002420621,,,,,,,,,,,,,,,,,,,,,,,,,,,,,,,,,,,,,,,,,,
E26,-0.001806241,0.462199417,0.028866741,-0.060521085,0.006199386,0.04357866,-0.034470838,-0.023187353,0.215025416,0.004313242,0.023552537,0.139654921,0.010809633,-0.001043959,-0.011149213,0.003308105,-0.014214606,0.005375438,0.001704428,0.003981309,-0.020030591,-0.003279978,-0.006645023,-0.010808342,-0.002040279,-0.002016268,0.383358212,-0.015360763,-0.013567773,0.007104459,-0.010541345,0.005845887,-0.002711645,-0.041369348,-0.297631735,-0.017148175,-0.00905722,-0.022897409,0.10915658,-0.004221493,0.002029375,-0.019626104,0.008787401,-0.002337292,0.041077901,0.040465235,0.000460101,-0.005569785,0.433650767,0.387399592,0.000413287,0.081504689,0.051993369,0.113169513,0.055362527,0.064695724,0.03783467,0.015880727,0.011263601,,,,,,,,,,,,,,,,,,,,,,,,,,,,,,,,,,,,,,,,,
E27,0.005242916,0.007311515,0.71100111,0.998910417,-0.000876587,-0.010020992,-0.000738454,-0.00049628,-0.008367287,-0.001646988,-0.002815321,-0.008996064,-0.000306572,-0.000424839,-0.0005477,-0.001449921,-0.000337106,-0.001345266,-0.007829092,-0.000271104,0.003421108,-0.000361516,-0.000263584,-0.002095466,-0.000263584,-0.000349874,-0.013855923,-0.000328767,-2.79E-05,-0.00086127,-0.000271104,-0.000676845,-0.000871423,-0.001120904,0.134114642,-0.00099578,-0.000440015,0.202020364,-0.008718605,0.025010142,0.022760044,0.010941329,-0.001036823,-7.01E-05,0.001231909,0.001152554,-0.000381854,0.001875892,-0.021165692,-0.013857866,0.069450998,-0.0073661,-0.003742477,-0.00826614,-0.003556812,-0.007421176,-0.006240995,-0.002355979,-0.002465837,-0.050846984,,,,,,,,,,,,,,,,,,,,,,,,,,,,,,,,,,,,,,,,
E28,0.005279979,0.00738949,0.710954518,0.998926117,-0.000882098,-0.01008437,-0.000743097,-0.000499399,-0.008417071,-0.00165736,-0.002832615,-0.00905482,-0.000308499,-0.00042751,-0.000551196,-0.001459157,-0.000339226,-0.001353789,-0.007878676,-0.000272808,0.003427446,-0.000363882,-0.00026529,-0.00210906,-0.00026529,-0.000352076,-0.013941525,-0.000330834,-4.48E-05,-0.000866684,-0.000272808,-0.000681129,-0.000876901,-0.001128013,0.134994349,-0.001002085,-0.000444328,0.20202624,-0.00877532,0.025048339,0.022785964,0.010983998,-0.001046635,-8.83E-05,0.001160256,0.001076614,-0.000386681,0.001872089,-0.021359998,-0.013996366,0.069413879,-0.007412106,-0.003765969,-0.008317671,-0.003579083,-0.00746809,-0.006280504,-0.002373341,-0.00248095,-0.051168351,0.999995607,,,,,,,,,,,,,,,,,,,,,,,,,,,,,,,,,,,,,,,
E30,0.015303516,-0.159761092,-0.002609567,-0.004269137,0.015979746,0.011997974,-0.003436996,-0.002309632,0.014573371,0.00859521,0.002754734,0.000493791,-0.001426751,-0.001977155,-0.00258777,0.017019038,-0.001568857,0.007895018,-0.00484294,-0.001261688,-0.001995195,-0.001750141,-0.001261688,-0.004680658,-0.001261688,-0.001629606,0.011776503,-0.001530046,0.002126291,0.006092684,-0.001261688,-0.001191427,0.006769204,-0.005049532,-0.011455535,0.00510507,-0.002971579,-0.004652163,0.017421066,0.030392698,0.038574777,-0.005607981,0.014104717,0.000313653,0.00325465,0.003344876,-0.000532871,0.011259465,-0.023867844,-0.010743243,0.026078974,0.069220023,0.037827545,0.080726047,0.032626072,0.00084232,-0.001647448,-0.004842928,0.022430865,-0.04364604,-0.003813592,-0.003821316,,,,,,,,,,,,,,,,,,,,,,,,,,,,,,,,,,,,,,
E31,0.016472892,0.124792389,0.122207938,-0.014906012,-0.008133824,0.069350538,-0.008486639,-0.005707502,0.081202804,-0.017390021,0.023505428,0.077323379,0.004114534,0.001546976,-0.006394829,0.013113845,-0.003876918,0.009033739,0.251589292,-0.000879927,-0.004930474,-0.000884148,-0.003117851,-0.02475352,-0.000573684,-0.003260486,0.166007989,-0.003781009,-0.003339669,-0.006485591,-0.003117851,0.003318057,-0.009552291,0.009015006,-0.073878339,0.000544102,-0.011029565,-0.017293048,0.04795847,-0.002142813,0.000679885,-0.005713186,0.004360552,-0.003423859,0.003007956,0.002601718,-0.002104807,-0.004439221,0.235696141,0.212782816,0.031414454,0.045213971,0.025703969,0.067426432,0.030587628,0.050044298,0.046712698,0.003404567,0.023697447,0.147360495,-0.012512797,-0.012592452,-0.003662712,,,,,,,,,,,,,,,,,,,,,,,,,,,,,,,,,,,,,
E32,0.008159631,0.07101412,0.148026724,-0.007777905,-0.001143018,-0.059833515,-0.004425416,-0.002973841,-0.041519393,-0.006764068,0.171666062,-0.054085773,0.027123336,0.006855705,-0.003331967,-0.00788586,-0.002020032,-0.007290536,0.43599921,-0.001624527,-0.002568978,-0.002178074,-0.001624527,-0.012995855,-0.001624527,-0.002083514,-0.046645521,-0.00197006,-0.001740104,0.005397078,-0.001624527,-1.69E-05,-0.004813981,-0.006774778,-0.038356784,-0.004054148,-0.005761244,-0.00899043,0.041268004,0.007275467,0.006697782,-0.006310516,0.016924456,-0.002314334,-0.003450707,-0.003547145,-0.002726218,0.001253751,0.039017648,0.045011471,0.134477177,0.009844032,-0.00618647,0.01909306,-0.004286501,0.098894443,0.109864129,0.01321482,0.001633711,-0.018396429,-0.006524333,-0.006565183,0.005345,0.049285319,,,,,,,,,,,,,,,,,,,,,,,,,,,,,,,,,,,,
E33,-0.001794535,0.235718826,0.040208587,-0.041101211,-0.021445935,0.133807201,-0.023400996,-0.01574079,0.115380408,-0.048869237,0.041411785,0.131531797,0.002941591,0.012279467,-0.017636378,0.00453651,-0.0106922,0.007410556,0.103717297,0.001518732,-0.013597814,0.000525356,-0.008598759,-0.068198477,-0.003540014,-0.009141017,0.197088936,-0.010427691,-0.009210515,-0.020470816,-0.008598759,0.00873418,-0.026334946,-0.030135763,-0.202981261,0.003228837,-0.030103512,-0.047810698,0.09192519,-0.012371118,-0.004982182,-0.015754171,0.004528882,-0.011118417,0.06402729,0.063866636,0.003402268,-0.011492018,0.264759498,0.192695709,0.033523949,0.083169191,0.044752496,0.129796728,0.057381143,0.101583274,0.077681314,0.014569098,0.051199163,0.484765228,-0.034586476,-0.034803835,-0.006810226,0.167875151,0.062549169,,,,,,,,,,,,,,,,,,,,,,,,,,,,,,,,,,,
E34,0.004369197,0.007397693,0.057899537,-0.002476848,0.001087717,0.104936607,-0.001409567,-0.000947665,0.015982249,-0.001909688,0.32636876,0.026031972,0.001039878,-0.000788433,-0.001061787,0.024418733,-0.000643717,0.015778021,0.064371089,4.52E-05,-0.000818648,-0.000575587,-0.000517683,-0.004129289,-0.000517683,-0.000465789,0.028341526,-0.000627793,-0.000554513,0.004145792,-0.000517683,0.00164285,-0.001245242,-0.001712729,-0.012294245,-0.000287957,-0.00184215,-0.002872895,0.014052467,0.002626736,0.003161805,0.004292173,0.008990147,0.002372807,0.009002794,0.008876406,-0.000442117,0.002314785,0.028810716,0.027642848,0.001561255,0.031817353,0.019628434,0.042183881,0.021035131,0.011533997,0.012713795,0.002769156,0.005344905,0.002089574,-0.002068698,-0.002081893,-0.000842154,0.018938834,0.014388499,0.029506395,,,,,,,,,,,,,,,,,,,,,,,,,,,,,,,,,,
E35,-0.008151031,0.021198528,0.040742445,-0.002903212,-0.000943868,0.028279849,-0.001648677,-0.001110028,0.143062104,-0.002510886,0.000437991,0.027914849,0.000198278,-0.000950237,-0.001243703,0.004468835,-0.000754005,0.00203498,0.025043045,-0.000606377,-0.000958907,2.24E-05,-0.000606377,-0.004773032,-0.000606377,-0.000605129,0.161615033,-0.000735352,-0.000649518,-0.001308218,-0.000606377,-0.001053535,-0.001842822,-0.000594604,-0.014154624,-0.000572388,-0.002128887,-0.003343168,0.009082801,0.653611607,0.772377473,-0.000423617,0.000414724,0.009752836,0.036761676,0.045676413,0.070044106,0.201776141,0.028179922,0.023492228,0.081292691,0.007568359,0.000789739,0.013275823,0.001594431,0.00618771,0.00427004,0.000676552,-0.001493501,0.037432822,-0.001354098,-0.001347227,0.04846199,0.014400591,0.021869343,0.045292302,0.010863255,,,,,,,,,,,,,,,,,,,,,,,,,,,,,,,,,
E36,-0.00496118,0.174652243,-0.000736733,-0.040160519,0.01659761,0.193535868,-0.022901068,-0.015405488,0.181898529,-0.026705036,0.199642774,0.186266008,0.005804737,0.0175618,-0.017260697,0.028815494,-0.01046444,0.025916691,-0.065789708,0.005133177,-0.013308161,0.023002766,-0.008415593,-0.065908737,0.032230718,-0.006237373,0.203001238,-0.010205566,-0.009014318,0.022536869,-0.008415593,0.001800482,-0.018577418,0.004285255,-0.198659037,0.01532797,-0.029431583,-0.046038998,0.10028778,-0.011836684,-0.005517153,-0.003326417,0.01221223,-0.01344827,-0.0122353,-0.013668731,-0.007057688,-0.00984079,0.297620484,0.159625849,-0.041616642,0.128821798,0.04945853,0.194526743,0.061834772,0.045503376,0.015997634,-0.013046219,0.050951382,0.311156679,-0.033804788,-0.034016926,0.012950255,0.138585325,-0.033830531,0.412621001,0.027773191,0.037311766,,,,,,,,,,,,,,,,,,,,,,,,,,,,,,,,
E37,-0.00430118,0.173656605,-0.001011176,-0.039981639,0.016434814,0.190209143,-0.022798961,-0.015336768,0.18137507,-0.026635577,0.198580715,0.184329243,0.005747802,0.01742116,-0.017183701,0.026604271,-0.010417761,0.024833896,-0.065050425,0.005082829,-0.013248796,0.0228299,-0.008378053,-0.065617608,0.032004593,-0.006218935,0.202704979,-0.010160041,-0.008974107,0.022336509,-0.008378053,0.006633114,-0.018431726,0.003468732,-0.197404877,0.015211291,-0.029301369,-0.045832597,0.097522431,-0.010491707,-0.004233039,-0.0034026,0.020600143,-0.013335018,-0.01197946,-0.013362761,-0.007017481,-0.009540325,0.296286098,0.158599685,-0.042310382,0.128488776,0.049182696,0.194139109,0.061501609,0.044608595,0.015394226,-0.01307541,0.050568557,0.309870379,-0.033652102,-0.033863401,0.013810921,0.137847198,-0.033050303,0.410624618,0.027602074,0.038621214,0.990996242,,,,,,,,,,,,,,,,,,,,,,,,,,,,,,,
E38,0.005096609,0.030843748,0.017897449,-0.004472236,-2.24E-05,0.010591842,-0.002539098,-0.001709936,0.042603328,-0.003994109,0.008047878,0.006227746,-0.001056295,0.000704687,-0.001915855,0.06865382,-0.001161503,0.043811005,0.030789428,-0.000934091,-0.001477143,0.005006585,-0.000934091,-0.007263021,0.008326558,-0.001206479,0.053883452,0.001861994,-0.001000546,0.000143699,-0.000934091,0.010438371,-0.002554263,0.043024465,-0.021087589,-0.00045789,-0.003233059,-0.005072245,0.023190698,0.105121685,0.121181037,-0.0041829,0.004182952,0.001453004,0.013097456,0.014431679,0.002753088,0.047852171,0.02186675,0.023301986,0.248312639,0.007290269,-0.000514599,0.016101082,0.000628441,0.015963431,0.014269889,0.007843726,-0.001999134,0.044308564,-0.003365134,-0.003389626,0.009496989,0.02182071,0.023351948,0.065911625,0.004074941,0.148747978,0.044650927,0.042709721,,,,,,,,,,,,,,,,,,,,,,,,,,,,,,
E39,0.00707365,0.022580308,0.013504337,-0.00312995,-0.002115686,0.052112358,-0.001782457,-0.001197796,0.010710654,-0.003949344,0.057565107,0.038629235,-0.000739926,-0.00102537,-0.00134204,0.006067324,-0.000813623,0.00488123,-0.00175752,-0.000654323,-0.001034726,-0.000762186,-0.000654323,-0.005187031,-3.39E-05,-0.000845128,0.038715399,-0.000793495,-0.000700874,-0.002078718,-0.000654323,2.07E-05,-0.002103221,0.003140886,-0.015396563,-0.001341398,-0.002320436,-0.003628416,0.025613956,-0.001054487,0.00062717,-0.0025302,-0.001653179,-0.00082011,0.000661136,0.000285562,-0.001335049,-0.003292407,0.047205944,0.044517923,-0.00748295,0.092073835,0.07913328,0.079677529,0.082906558,0.017747191,0.01183541,0.006926875,0.07217815,0.06039867,-0.002633777,-0.002650339,0.016209768,0.022202878,-0.000718638,0.053035124,0.011885116,0.002232301,0.047772348,0.047378628,0.000409556,,,,,,,,,,,,,,,,,,,,,,,,,,,,,
E40,0.001447322,0.20230157,0.061583478,-0.023532306,-0.014100901,0.115588137,-0.013366333,-0.00900545,0.247719825,-0.028819565,0.014794678,0.097784102,-0.004678406,-0.004676371,-0.010089934,-0.004357316,-0.006117106,-0.007758545,0.029743099,-0.004313238,-0.007779434,-0.004588529,-0.004919429,-0.038935429,0.000940418,-0.005330494,0.381353768,-0.005965777,-0.00526942,-0.013732964,-0.004919429,0.007626681,-0.015326065,-0.011558734,-0.11694056,0.001528779,-0.017365775,-0.02728942,0.116940232,-0.005165049,0.002525819,-0.006615817,0.013331048,-0.008501807,-0.008177164,-0.008567955,-0.003319184,-0.008963557,0.530425125,0.486897553,0.026095401,0.079909043,0.062032448,0.122232898,0.070592469,0.044399285,0.031337689,0.00875548,0.033230354,0.343893841,-0.019802071,-0.019926828,0.00278167,0.188641306,0.026878331,0.259140766,0.024404545,0.032968735,0.272640218,0.270906808,0.050002961,0.064064834,,,,,,,,,,,,,,,,,,,,,,,,,,,,
E41,-0.000645828,0.086957523,0.031779205,-0.011619367,-0.007862363,0.045229437,-0.006624008,-0.004451276,0.105061504,-0.014452976,0.004830763,0.095482004,0.004333459,-0.002561367,-0.004987322,0.002254868,-0.003023605,0.00276249,0.007868506,-0.001731113,-0.003845273,-0.003106117,-0.002431609,-0.019260501,-0.002431609,-0.002829118,0.218333183,-0.002948806,-0.002604605,-0.006962443,-0.002431609,0.020204526,-0.007622815,-0.00604713,-0.057544979,0.003280097,-0.008594473,-0.013512612,0.069486419,-0.003260814,0.00435415,0.005329445,0.032616557,-0.004741081,-0.003193609,-0.003387574,0.011567773,-0.006060989,0.183093189,0.160388204,0.003977259,0.062912876,0.021923242,0.084324773,0.025907205,0.040619184,0.031667635,-0.00315815,0.021626586,0.180555909,-0.009809464,-0.009871263,0.021353444,0.075954456,0.009600116,0.157162391,0.019899176,0.005697303,0.146559605,0.145845049,-0.004157012,0.023673328,0.17080131,,,,,,,,,,,,,,,,,,,,,,,,,,,
E42,0.007458229,0.155982314,-0.021818187,-0.025100221,-0.017004026,-0.073195734,-0.014317671,-0.009626828,0.271211771,-0.030278086,-0.021889036,0.070133876,0.014501258,0.003291579,-0.010786141,-0.020684985,-0.006539187,-0.020891755,-0.113032851,-0.00525887,-0.008316217,0.001627346,-0.00525887,-0.041460281,-0.00525887,-0.005295848,0.499226551,-0.006377417,-0.005633011,-0.01336991,-0.00525887,-0.00401181,-0.01662099,-0.020766274,-0.124550677,-0.000330297,-0.01864164,-0.029180137,0.036660402,0.000545189,0.002112778,-0.002885647,-0.004155532,-0.010244116,-0.02146259,-0.022510052,-0.005158932,-0.008107029,0.280710046,0.139019865,-0.064685243,0.021539458,0.020627111,0.055189285,0.02826679,-0.017304154,-0.034005294,-0.024225622,-0.005411905,0.448053922,-0.021170692,-0.021304311,-0.032324901,0.090049195,-0.0925659,0.189118811,0.000861223,0.012488779,0.321633978,0.320117786,0.005407702,0.016582448,0.264284759,0.139933808,,,,,,,,,,,,,,,,,,,,,,,,,,
quality_0,0.01406007,0.022021036,0.014552608,0.005302745,-0.002174479,-0.000200452,-0.00189812,-0.001288926,0.009648929,-0.003084938,-0.002684063,-0.00125343,-0.000796221,-0.001103382,-0.001402689,-0.000609449,-0.000875525,-0.001062002,-0.001693349,-0.000400489,-0.00111345,-0.000976693,-0.000400489,0.018268481,-0.000704105,0.001344487,0.010011591,-0.000559311,-0.000754198,-0.001671384,-0.000704105,-0.001355779,-0.001084223,-0.002759196,-0.015387887,-0.00113212,0.050020895,0.003617089,-0.00211316,0.027384402,0.029461501,-0.00294644,-2.29E-05,0.015446644,0.044581357,0.044880624,0.002454896,0.030860183,0.025670431,0.03355257,0.030122838,-0.002116537,-0.001850911,-0.003047481,-0.001755008,-0.002126624,-0.000377706,0.007799028,-0.002787921,0.017982339,0.006477423,0.006458708,0.00669946,0.005229377,-0.005249131,-0.022280027,-7.75E-05,0.020510496,-0.014564294,-0.014445553,0.033891337,-0.00274762,0.00060811,0.00163616,-0.007666257,,,,,,,,,,,,,,,,,,,,,,,,,
quality_1,0.006693571,-0.023532366,0.079121209,0.084679151,-0.006021282,0.006097277,0.138799357,0.185324395,0.040570889,-0.007772977,-0.004420534,0.003809164,-0.002203776,-0.003053937,-0.003997098,0.000386708,-0.002423274,-0.001795792,0.004552227,-0.001116701,-0.002473656,-0.001898554,-0.001948818,0.011883039,-0.001948818,0.0040158,0.050422488,-0.000748756,-0.002087466,-0.004338312,-0.001948818,-0.003495479,6.93E-05,-0.007214324,0.050247604,-0.003100523,0.043205626,0.017888457,0.00928589,0.0918817,0.101608746,-0.001775404,0.001892013,0.01868311,0.055257855,0.056108257,0.006578618,0.069534028,0.051393471,0.065419699,0.286687136,-0.003122621,-0.003449193,-0.00212142,-0.003027529,-1.58E-05,0.004162381,0.007950157,-0.0069106,-0.002067246,0.081501224,0.08149564,0.032454394,0.024404938,-0.006741105,-0.038402297,0.001708642,0.096722578,-0.017963208,-0.017863462,0.143666845,-0.006321302,0.018267992,0.015780475,-0.005204994,0.355301647,,,,,,,,,,,,,,,,,,,,,,,,
quality_2,0.012821128,0.02308991,0.042223135,0.047383835,-0.002393188,-0.003002065,-0.0020817,-0.001412152,0.007197767,-0.003507013,-0.003430687,-0.00377575,-0.000872342,-0.001208869,-0.001541182,-0.001007196,-0.000959228,-0.001423926,-0.003853014,-0.000470937,-0.000341479,-0.001070069,-0.000470937,0.017483765,-0.000771419,0.001234286,0.006108737,-0.000643982,-0.000826302,-0.001891071,-0.000771419,-0.001500699,-0.001312761,-0.003041747,0.022024003,-0.001395575,0.049593391,0.012535922,-0.004553196,0.028512034,0.029850418,-0.001008455,-0.000366676,0.01568787,0.046003299,0.046349586,0.00275692,0.030237306,0.02257215,0.033146748,0.045072648,-0.00414198,-0.002873321,-0.005310529,-0.002725577,-0.004155708,-0.002099153,0.007061347,-0.003443511,0.003833465,0.046693214,0.046682572,0.006251578,0.00171754,-0.007012204,-0.031552087,-0.000655316,0.019624583,-0.023616206,-0.023458069,0.032496747,-0.00345121,-0.004883968,-0.001039107,-0.013342977,0.991565243,0.373928333,,,,,,,,,,,,,,,,,,,,,,,
quality_5,0.002996335,0.011136119,0.091274175,0.106864289,-0.005028732,0.004143979,0.05130451,0.069899446,0.031407785,-0.007562035,-0.003313545,-0.001968435,-0.001622916,-0.002008962,-0.002431746,-0.003146343,-0.001966289,-0.004141251,0.0054421,-0.001330912,-7.72E-05,-0.001583627,-0.001414377,0.011031612,-0.001163983,0.001176887,0.031462362,0.013629358,-0.001693808,-0.004184383,0.000505312,-0.003111717,-0.003085682,0.008979851,0.038488586,0.012591502,0.045058598,0.023825897,-0.006011698,0.081494481,0.095352201,0.004998881,0.001656449,0.014075044,0.046458149,0.047768254,0.004423927,0.057815248,0.007357573,0.02223818,0.092962366,-0.006500851,-0.002159162,-0.004633317,-0.001274346,0.003004617,0.006735167,0.008320194,-0.006301074,0.003867114,0.103599351,0.103581672,0.024398785,0.023829046,-0.006580343,-0.032718089,0.000981765,0.091758784,-0.007380553,-0.006894504,0.084568446,-0.005857491,0.002310846,0.000775752,-0.022102284,0.478251741,0.73661487,0.491238633,,,,,,,,,,,,,,,,,,,,,,
quality_6,0.007292483,-0.052291486,0.067831741,0.062410913,-0.005012561,0.007054508,0.127886024,0.139715292,0.071163376,-0.006330372,-0.005232402,0.006716989,-0.001821484,-0.002524166,-0.001768398,0.000756975,-0.002002905,-0.001457407,0.004591368,-0.001029366,-0.002122295,-0.001672089,-0.001610754,0.011072202,-0.000447979,0.00232938,0.075047456,-0.001389319,-0.00172535,-0.003080461,-0.001610754,-0.00313276,-0.002885358,-0.004152206,0.031100943,-0.002648993,0.03746943,0.013360873,0.000373916,0.295270367,0.343591953,-0.001524325,0.0011322,0.018635696,0.053076845,0.057656929,0.024962637,0.117167157,0.020919657,0.034954676,0.114008583,-0.005294598,-0.003602648,-0.004737496,-0.003538904,-0.001928818,0.00100205,0.004968748,-0.006471267,-0.013277703,0.060504613,0.06050599,0.033451263,0.013485137,-0.003328165,-0.038643571,0.002877435,0.36750301,-0.02292126,-0.021901131,0.122246125,-0.005290653,0.010567402,0.002795897,-0.013481562,0.252895946,0.835067061,0.265860136,0.606691202,,,,,,,,,,,,,,,,,,,,,
quality_7,-0.000358191,0.01046218,0.076001221,0.085467585,-0.00500196,0.003707177,0.051597176,0.070273264,0.031754471,-0.007529761,-0.003163028,-0.001732234,-0.001612883,-0.001993875,-0.002411026,-0.003075459,-0.001956153,-0.004081934,0.005577428,-0.001321526,-5.24E-05,-0.001569313,-0.001405403,0.01117749,-0.001153774,0.001203288,0.03183757,0.013715894,-0.001685077,-0.004195181,0.000523751,-0.003086661,-0.003049634,0.009090631,0.036915631,0.012711372,0.045331498,0.019762458,-0.006418821,0.0819963,0.095901879,0.005114965,0.001635238,0.014123254,0.046559094,0.047876238,0.004441277,0.058148978,0.007651464,0.022316852,0.089820218,-0.006174534,-0.00200884,-0.004228791,-0.001089367,0.003019182,0.006814196,0.008401826,-0.006193782,0.004434223,0.081942331,0.081927494,0.024824822,0.023954249,-0.006309692,-0.033004717,0.000670598,0.092217014,-0.006928913,-0.006439555,0.085168956,-0.00590594,0.002827683,0.000780784,-0.021431048,0.47922442,0.734965527,0.491905709,0.996662079,0.606233013,,,,,,,,,,,,,,,,,,,,
quality_8,0.057785064,-0.005500733,0.019861718,0.014856163,-0.002590289,0.002886675,0.02372598,0.049259138,0.02418902,-0.002880674,-6.10E-05,-0.005320858,-0.00090591,-0.001255387,-0.001643095,-0.000913175,-0.00099614,-0.002094388,0.003545439,-0.000801104,0.009053372,0.000323402,-0.000801104,0.004226486,-0.000801104,-0.000518129,0.032942523,0.001906894,-0.000858099,-0.001824642,0.011561106,-0.001565687,0.001683385,-0.002223997,0.022696472,-0.002133554,0.015350644,0.002574316,0.005697049,0.097521458,0.118284218,-0.002441204,0.000176068,0.008796447,0.017657331,0.018740634,0.00684037,0.066470684,0.0109677,0.017740012,0.223170834,-0.003304041,-0.00543628,-0.000991246,-0.004788256,-0.004667632,-0.003451375,-0.001549529,-0.004042164,0.00156027,0.013925299,0.013925123,0.012610429,0.001287253,0.001823359,-0.014476464,0.00138792,0.129899841,-0.011865475,-0.011101502,0.104189335,-0.00351105,0.004782561,0.008449641,-0.00938189,0.088084916,0.389647652,0.092088169,0.278919966,0.379516025,0.279761216,,,,,,,,,,,,,,,,,,,
quality_9,0.013736966,0.012509586,0.081183717,0.090446191,-0.004573288,0.002489207,0.052553997,0.001074495,0.034454829,-0.006773073,-0.001742851,-0.000776915,-0.001451951,-0.001751396,-0.002077633,-0.00442588,-0.001793928,-0.004607524,0.008241168,-0.00117076,-0.001541327,-0.00133889,-0.001261404,0.01204396,-0.000989471,0.001632838,0.031747008,0.015134759,-0.001545332,-0.003730663,-0.001442692,-0.002788892,-0.004521586,0.006082221,0.035538166,0.014184495,0.047788988,0.021366794,-0.005453213,0.083863902,0.099032961,0.003954077,0.002594025,0.012688568,0.04797333,0.049164264,0.004627704,0.056950793,0.005305278,0.019062265,0.089633405,-0.004363382,-0.00023682,-0.002992848,0.000526558,0.006481635,0.009897412,0.009001286,-0.005704455,0.002088549,0.0869126,0.086894288,0.025400772,0.024346602,-0.005167717,-0.031663863,0.000907476,0.092755027,-0.003965781,-0.003594049,0.084402674,-0.005234523,0.002232125,0.003891136,-0.018520071,0.485897626,0.652947229,0.497850885,0.925632944,0.545868021,0.928468214,0.13283869,,,,,,,,,,,,,,,,,,
quality_10,0.002990681,0.011139157,0.091272949,0.106863013,-0.005028961,0.00414891,0.051303862,0.06989872,0.03140825,-0.007562481,-0.003314391,-0.001962361,-0.001622997,-0.002009076,-0.002431897,-0.003146769,-0.001966377,-0.004141634,0.005439633,-0.001330985,-7.73E-05,-0.00158373,-0.001414449,0.011030854,-0.001164057,0.00117677,0.031460015,0.013629145,-0.001693884,-0.004184614,0.000505225,-0.003111903,-0.003085925,0.008979429,0.038486818,0.012591091,0.045057931,0.023825233,-0.00601241,0.081493954,0.09535148,0.004998362,0.001659583,0.014075247,0.046460423,0.047770536,0.004424682,0.057815,0.007358434,0.022237877,0.092991145,-0.006501376,-0.002158554,-0.004633378,-0.001273619,0.003003929,0.006733942,0.00831939,-0.006300493,0.00387455,0.103598334,0.103580649,0.024400935,0.02383038,-0.006582294,-0.032704098,0.00098121,0.091763308,-0.007372936,-0.006886961,0.084581525,-0.005858262,0.002309652,0.000774718,-0.022103323,0.47824894,0.736614168,0.49123562,0.999999885,0.606690566,0.996662282,0.278920555,0.925633828,,,,,,,,,,,,,,,,,
quality_11,0.008562844,-0.01603547,0.094733902,0.115596699,-0.005788073,0.003240129,0.130756858,0.176167272,0.032876182,-0.008078116,-0.006534036,0.000550974,-0.002124127,-0.002943561,-0.003852635,-0.001220646,-0.002335692,-0.002522355,-0.001999691,-0.001030023,-0.002350401,-0.002605586,-0.001878383,0.010068246,-0.001878383,0.003871737,0.036741183,-0.001454867,-0.00201202,-0.004387359,-0.001878383,-0.003498443,-0.002743383,-0.007337209,0.095066117,-0.002815768,0.040695564,0.024561913,0.000937464,0.064986669,0.069822897,-0.001686234,0.000813613,0.015550558,0.050735529,0.051245024,0.004616539,0.054995325,0.052121373,0.068906185,0.221988676,-0.005149595,-0.00391078,-0.004889563,-0.003649597,-0.003285002,0.001130184,0.007029991,-0.006963732,-0.019039931,0.110246949,0.110262332,0.026234946,0.020306282,-0.012400791,-0.048197348,0.000556404,0.060101378,-0.026171568,-0.026299473,0.182153619,-0.006796342,0.012529724,0.008935667,-0.011395402,0.350154626,0.947357954,0.379861242,0.725478683,0.781179462,0.722385996,0.31496325,0.64347951,0.725478595,,,,,,,,,,,,,,,,
quality_12,0.008075525,0.018111608,0.109959119,0.169748939,-0.001853419,-0.018141454,-0.00120401,0.001638054,-0.002732778,-0.003488659,-0.005784415,-0.013389069,-0.000648202,-0.000898262,-0.001175677,-0.003105364,-0.000712764,-0.002865917,-0.01590263,-0.000573211,-0.000906458,-0.000795125,-0.000573211,-0.000326615,-0.000573211,-0.000740364,-0.007607349,-0.000695131,-0.000613992,-0.001821033,-0.000573211,-0.001271299,-0.001842499,-0.002377482,0.207387615,-0.00203368,0.002274845,0.036612196,-0.011905738,0.01873105,0.016097672,-0.00260406,0.000387299,0.002005362,0.002422118,0.002068223,-0.00021741,0.005261961,0.005346317,0.022141489,0.405136656,-0.012147303,-0.007485404,-0.013218231,-0.007248208,-0.014427835,-0.012451905,-0.004518644,-0.005239414,-0.071028203,0.16012744,0.160203375,0.007465985,-0.018567173,-0.013649952,-0.055430631,-0.003930149,0.007902426,-0.047908653,-0.049174071,0.346496963,-0.005585757,-0.022018287,-0.016212137,-0.025783859,0.022458277,0.225845364,0.072669446,0.13081106,0.137433437,0.124580855,0.090778793,0.128893637,0.130827822,0.437896581,,,,,,,,,,,,,,,
day_max,0.002904629,0.03171058,0.829113295,0.765788052,0.000539243,0.08903323,-0.001205733,-0.001970485,0.062837703,0.006162142,0.094000006,0.054088099,0.002934711,-0.000398265,-0.002034035,-0.000315864,-0.001457013,-0.001250671,0.182490578,-0.000656859,-0.00027355,-0.00049329,-0.00113507,0.311288004,0.014177071,-0.00130417,0.035957392,-0.001644854,-0.001036768,0.000811296,-0.001256967,-0.000573907,0.016071109,-0.003350964,0.060332713,0.011680908,0.079038899,0.396418822,0.053553625,0.058634753,0.045997961,0.009056488,0.007850406,0.290496599,0.109004921,0.105506333,0.031774,0.088148312,0.021476687,0.027860285,0.091106884,0.021573328,0.009993926,0.026200462,0.011478975,0.201170963,0.213355916,0.070143236,0.011690341,-0.011340528,0.771446458,0.771362979,-0.001308773,0.041977629,0.063262304,0.003371789,0.073590223,0.02576035,-0.007974949,-0.00812856,0.008273329,0.008320934,0.014027151,0.014077672,-0.021820037,0.014843535,0.064070696,0.041494467,0.07129203,0.051381347,0.047964931,0.016956614,0.051553304,0.071292013,0.084858188,0.136295675,,,,,,,,,,,,,,
wd_0,0.00646988,0.10553427,0.841457608,0.346950636,-0.003768789,0.190032649,-0.007247322,-0.004783672,0.061009618,-0.001052301,0.092706581,0.132643642,0.010112225,-0.001122759,-0.00473878,-0.001341202,-0.003242845,-0.002138431,0.453955137,-0.000871735,0.000436189,-0.000233955,-0.00266268,0.63046704,0.018287995,-0.002485575,0.073683099,-0.003638812,-0.002371589,-0.002660707,-0.002882324,-3.71E-05,0.023541067,-0.007110234,0.046282009,0.027259843,0.155265567,0.695796639,0.111270996,0.066273906,0.064602043,0.014726675,0.006970846,0.054499344,0.209142452,0.212370892,0.046971077,0.14514041,0.11752136,0.125150984,0.0825925,0.036957199,0.0219947,0.054624249,0.024876119,0.463265856,0.464195319,0.12209757,0.021202893,0.048423475,0.342706736,0.342693889,-0.000758947,0.178206715,0.184494559,0.056600632,0.041504686,0.050293374,0.010863119,0.010570169,0.025162879,0.013060809,0.081109352,0.036398741,-0.020263572,0.014486231,0.070209592,0.034987032,0.084338753,0.063168413,0.079410916,0.021527914,0.084334573,0.084336949,0.077011327,0.074908936,0.52438966,,,,,,,,,,,,,
wd_1,0.014318083,0.062834229,0.8509836,0.733231957,-0.002875894,0.093501116,-0.004357733,-0.002874341,0.039044153,-0.003235418,0.044458884,0.075400735,0.007238181,-0.000766545,-0.002212783,0.000169743,-0.001811557,-0.000243798,0.234448531,-2.19E-05,0.000220355,-0.001189679,-0.001379737,0.357020931,0.008735998,-0.001254803,0.03741888,-0.001975084,-0.00111095,-0.002085133,-0.001538149,-0.000195747,-0.000902533,-0.003380461,0.055419615,0.004492782,0.057964292,0.502885539,0.057795472,0.047561078,0.043905826,0.004643151,0.003064422,0.01853076,0.079154229,0.079279406,0.016471332,0.065537959,0.058560829,0.064442741,0.09417811,0.020710367,0.011626705,0.02906654,0.013191678,0.247756478,0.24727428,0.060855949,0.009831686,0.016789216,0.73894304,0.73886475,9.87E-05,0.074353686,0.097977297,0.025209453,0.021584428,0.027611758,-0.001528593,-0.001637748,0.011064047,0.007677966,0.042073941,0.016265712,-0.014085155,0.007412934,0.058091184,0.02695333,0.070351211,0.049616746,0.045793304,0.011204835,0.049022574,0.070350038,0.078984285,0.126013018,0.817967937,0.643232779,,,,,,,,,,,,
wd_2,0.005799487,0.111269499,0.865597755,0.525019902,-6.53E-05,0.169617532,-0.006203129,-0.005079247,0.054797732,-0.005504175,0.088716977,0.138069461,0.0143487,-0.00130594,-0.005181436,0.001879617,-0.003015345,0.002206543,0.435699046,0.000801533,-0.001052173,-0.001218965,-0.002491403,0.462996647,0.006884025,-0.002415896,0.063978943,-0.0034995,-0.002681823,0.000228371,-0.002659196,0.001295939,-0.000549777,-0.006770304,0.061333816,0.015918137,0.169113345,0.553579275,0.113151942,0.079582778,0.081847757,0.004895609,0.009337352,0.041019013,0.18484335,0.187857007,0.020324615,0.142644031,0.12106903,0.128362281,0.106194925,0.036090334,0.017435695,0.052163196,0.019897345,0.443937607,0.44525284,0.131640424,0.02381005,0.044939757,0.523794866,0.523801232,0.001305836,0.170975202,0.180060237,0.056650366,0.041113534,0.055637859,0.008527835,0.008443746,0.024196459,0.024506198,0.08207446,0.041285517,-0.020693621,0.010986943,0.082428885,0.031869093,0.086613901,0.076090527,0.077399027,0.022988498,0.082440983,0.086612533,0.098849899,0.115119829,0.589800934,0.81639576,0.721678297,,,,,,,,,,,
wd_3,0.003561763,0.10200202,0.806174786,0.368996167,-0.000419712,0.145827659,-0.005353039,-0.00471072,0.044209242,-0.003592411,0.092165318,0.106569558,0.00796903,-0.001344394,-0.004258446,-0.002565253,-0.00288161,-0.002308329,0.412192937,-0.000517674,-0.000493447,-0.001799816,-0.002069946,0.590175542,0.025929165,-0.002464282,0.071891172,-0.003357314,-0.001668948,0.001459261,-0.002613241,-0.000741161,-0.001247361,-0.005682644,0.051039833,0.007532791,0.065061823,0.67340406,0.092570659,0.074123268,0.06415682,0.015740931,0.003911467,0.022750889,0.093178223,0.09652468,0.020747731,0.105441925,0.107590698,0.114002064,0.07609119,0.033220894,0.018415577,0.046048332,0.020717972,0.422435489,0.425938708,0.133789789,0.017165131,0.041029733,0.365877119,0.365911117,-0.000690696,0.139169988,0.163247078,0.049607968,0.046735023,0.047950688,0.008544424,0.008407014,0.020964705,0.021579928,0.074202789,0.046301231,-0.018591414,0.011154464,0.068354904,0.031490411,0.074542202,0.062305467,0.071667501,0.019820985,0.076189521,0.074540667,0.074623438,0.062384659,0.449924605,0.819923448,0.576754051,0.800809678,,,,,,,,,,
wd_4,0.008077467,0.085780802,0.936608184,0.688893543,-0.002332829,0.131932579,-0.005697301,-0.00407371,0.068541466,-0.004519958,0.173248128,0.085461735,0.009606307,-0.001342998,-0.003875767,-0.001140742,-0.00201299,-0.001736099,0.347152533,-0.000985311,-0.001520421,-0.000924491,-0.001480301,0.460258657,0.015167882,-0.001860989,0.047740914,-0.002835631,-0.001862909,0.000187353,-0.002288786,-0.000763583,0.002754111,-0.00460155,0.059589978,0.013779574,0.083004458,0.599824968,0.076297185,0.054589738,0.055626638,0.0081615,0.012426054,0.024378571,0.104253878,0.105123442,0.006574634,0.075553967,0.088746267,0.095460194,0.098082624,0.026357395,0.012069873,0.036344104,0.01389814,0.360622082,0.370761363,0.149049137,0.013909228,0.02854614,0.690007256,0.689971883,-0.003261604,0.117021752,0.133649691,0.036717084,0.09585582,0.03500951,0.003686623,0.003293686,0.016063521,0.012332039,0.061301913,0.036923254,-0.018764493,0.012616313,0.073671438,0.036801209,0.088589512,0.061887891,0.072608832,0.021813168,0.077250774,0.088589486,0.089789562,0.11580917,0.750413206,0.781577657,0.855228686,0.823336497,0.793454538,,,,,,,,,
wd_5,0.006191044,0.041590752,0.865620669,0.866896268,-0.001984561,0.072500002,-0.002986813,-0.002461156,0.057272099,-0.001772199,0.039058109,0.0479089,0.005210202,-1.52E-05,-0.002212833,-1.85E-05,-0.001511035,-0.00165532,0.191912436,-0.001028848,-0.001280275,-0.000211556,-0.001174082,0.250268429,0.011307479,-0.001045354,0.023240896,-0.00166002,-0.001416964,-0.000639481,-0.0012766,-0.000553672,0.022730869,-0.003085919,0.059577094,0.005321264,0.058350854,0.380912944,0.037024697,0.031934627,0.032774389,0.001841217,0.003853806,0.183722034,0.065468904,0.06210821,0.001363414,0.06150656,0.036942704,0.042531649,0.085568752,0.011663985,0.005287503,0.015025444,0.006475112,0.206554393,0.216936024,0.068319595,0.009329082,0.001373954,0.872872878,0.872774557,-0.004583349,0.040590018,0.07487715,0.01297848,0.043699338,0.018297061,-0.011600867,-0.011790227,0.00768801,0.005818139,0.025369968,0.01329391,-0.017092464,0.016910955,0.068395426,0.047980413,0.079393114,0.053157221,0.056775794,0.011808468,0.06148055,0.079392371,0.088661416,0.119327549,0.93728152,0.519490344,0.823722014,0.616971051,0.473099881,0.792079794,,,,,,,,
wd_6,-0.006975319,0.066665776,0.747848752,0.394379186,-0.002243202,0.115744566,-0.003827852,-0.003698088,0.052025138,0.002533668,0.057259019,0.072636396,0.00814806,-0.00175413,-0.003436013,-0.002602006,-0.002389872,-0.002997272,0.299721016,-0.000250167,-0.001274682,-0.000538037,-0.001910753,0.553112363,0.016930517,-0.001733928,0.050841899,-0.002536616,-0.002102524,-0.002475405,-0.002049135,-0.001043885,0.031827706,-0.005342824,0.041750404,0.008514084,0.077756148,0.568839088,0.067005447,0.051600349,0.053392989,0.003663015,0.007883096,0.340438678,0.117639328,0.110603409,0.026561071,0.107386393,0.063716442,0.069085355,0.052441,0.024660948,0.011197693,0.030862487,0.013027056,0.311433881,0.308149332,0.081100201,0.014073658,0.022278831,0.390749517,0.390738383,-0.004199494,0.095987532,0.118408493,0.031485121,0.059574328,0.03157532,-0.005765959,-0.006145429,0.013110982,0.007766604,0.041724441,0.022575553,-0.021178645,0.010560647,0.056388542,0.031664876,0.063532863,0.049505131,0.06357384,0.01678571,0.067599361,0.063531887,0.057513991,0.028746342,0.55149815,0.656025019,0.344282486,0.578885842,0.627461848,0.566417384,0.587141883,,,,,,,
err_rank_max,-8.84E-05,0.078547944,0.007686383,-0.001660333,0.001162957,0.013143502,-0.010138591,-0.003401598,0.009501666,0.002021436,0.003859685,0.011016125,7.40E-05,4.63E-05,-0.000600192,0.001444017,-0.002031755,0.001247255,0.011174174,0.000412229,-0.003186826,0.000327916,-0.000281331,-0.002383938,0.000412229,0.000524754,0.013562753,-0.006144611,-0.001684684,0.001177996,-0.000281331,0.000863004,0.001231253,-0.000821457,-0.008600543,-0.000112365,-0.001109387,-0.001642604,0.0103804,3.26E-05,0.000429798,8.78E-05,0.001182566,-0.000318526,0.00258325,0.002690392,0.000717819,0.000593299,0.039791486,0.030571755,0.007860145,0.007500883,0.004298111,0.010770285,0.004805873,0.010932205,0.00939794,0.002366743,0.003070163,0.044714593,-0.001372549,-0.001386052,-0.006989037,0.014354367,0.008368384,0.037511751,0.001799947,0.00247273,0.036736699,0.036585147,0.004056446,0.003562295,0.022350835,0.011160655,0.022755798,0.000582337,-0.014300966,0.000265272,-0.005771769,-0.022319487,-0.005804421,-0.004747689,-0.005624533,-0.005771437,-0.013342538,-0.001675757,0.003504256,0.009564496,0.004838197,0.009464829,0.008652528,0.007141152,0.003697295,0.006345707,,,,,,
date_rank_sum,0.007126258,0.074271477,0.979120261,0.785835441,-0.002260049,0.121153342,-0.004654969,-0.003683106,0.060060215,-0.002047266,0.073449869,0.080862534,0.008346984,-0.000947512,-0.003377475,-0.001050529,-0.002277831,-0.001858691,0.3070038,-0.000639575,-0.00096597,-0.000788365,-0.001822713,0.451176239,0.013879643,-0.001727429,0.045381681,-0.002586133,-0.001973324,-0.001337854,-0.002049936,-0.000444746,0.017002294,-0.00487026,0.062798289,0.010897081,0.088743303,0.576707272,0.069336741,0.051559506,0.051140848,0.005653903,0.006926996,0.159025687,0.113339102,0.11135374,0.020897735,0.094835772,0.071053368,0.077733748,0.097995056,0.023994258,0.011882283,0.03296529,0.013752597,0.32159583,0.326488831,0.094410663,0.014402898,0.019705581,0.789003452,0.788934812,-0.002839127,0.092989322,0.123789412,0.030763882,0.053578257,0.032260689,-0.004125625,-0.004386509,0.014315128,0.010672572,0.047770742,0.025017305,-0.020083233,0.013169964,0.073248591,0.040291547,0.085102298,0.060863243,0.065485761,0.016880806,0.070006563,0.085101274,0.091402381,0.118232064,0.90700871,0.745924331,0.889847079,0.796024157,0.694441472,0.911094985,0.9392779,0.695823,0.006332816,,,,,
date_rank_max,-0.004120137,0.611630807,0.043691128,0.004750679,0.0042653,0.044834861,-0.067939553,-0.051568725,0.036378461,0.007221723,0.012464635,0.042063177,0.001491718,0.000668884,-0.001784902,0.006658378,0.001640294,0.006330635,0.034637775,0.001319138,0.001200785,-0.000192405,0.001319138,0.008529163,0.001319138,0.001703809,0.060854869,-0.07873472,-0.001900395,0.004004147,-0.002131093,0.000641048,0.004240171,0.00443386,0.025951835,0.003436952,0.004049097,0.005897049,0.038640784,0.0119352,0.010757775,0.003988325,0.005793557,0.00322166,0.027785424,0.028805593,0.003645917,0.008459692,0.219592155,0.188720734,0.035979415,0.024728203,0.015374084,0.030503713,0.015452841,0.033034209,0.028094042,0.009951391,0.008604251,0.223027508,0.003959046,0.00399264,-0.249361987,0.056200004,0.028777019,0.138384032,0.009078322,0.007740523,0.116072873,0.114728483,0.012698878,0.011940278,0.088548465,0.042614414,0.090773541,0.009430247,-0.057541333,0.010298523,-0.009242972,-0.072599469,-0.009492092,-0.024461986,-0.006017009,-0.009241245,-0.044470319,0.005320903,0.019289542,0.04755301,0.028816598,0.050942811,0.048117677,0.041292428,0.024110539,0.03685317,0.058760318,0.037461816,,,,
model_fwver_rank_sum,0.00659527,0.092118584,0.998749097,0.710864143,-0.004027823,0.150947508,-0.006427917,-0.004750933,0.057028142,-0.004829481,0.091671565,0.102030779,0.007698584,-0.001166475,-0.0045672,-0.00402633,-0.003008018,-0.004434093,0.406152765,-0.001155934,-0.003983243,-0.000955783,-0.002213741,0.496550864,0.017482961,-0.002573909,0.054772643,-0.003152222,-0.002246319,-0.002893817,-0.002499538,-0.001256667,0.011626914,-0.007049977,0.061976348,0.011601782,0.096297047,0.615111621,0.089576773,0.063519324,0.062321731,0.007411196,0.007838999,0.137126854,0.130869417,0.130033847,0.022671185,0.109396057,0.093005414,0.099888925,0.103912879,0.030783686,0.015717982,0.04305777,0.018140554,0.414150432,0.418670224,0.125023216,0.018157992,0.029354668,0.711959436,0.711911081,-0.002655173,0.132871205,0.163548259,0.047392767,0.060199083,0.041744009,-0.000601197,-0.000879898,0.019042026,0.013920963,0.064839975,0.033081986,-0.025246085,0.013939199,0.078932946,0.041589474,0.091233398,0.067567459,0.075926581,0.019848428,0.081180509,0.091232138,0.094406875,0.109481276,0.827228197,0.840133231,0.849964614,0.868926281,0.804390129,0.936233698,0.866138617,0.742719889,0.00826149,0.977910228,0.045014178,,,
model_fwver_rank_max,0.003456861,0.306572168,0.077907393,-0.012478569,-0.071160924,0.144764044,-0.156702719,-0.20005021,0.023295679,-0.1100265,0.065577179,0.130587763,-0.017576855,-0.001301502,-0.052276201,-0.134818832,-0.077134039,-0.127180814,0.207382022,-0.028472815,-0.171139419,0.009825389,-0.009078632,-0.071510079,0.003850823,-0.06884503,0.065388442,-0.132525858,-0.008530622,-0.05073179,-0.009078632,-0.035634405,-0.070227705,-0.061121726,-0.073010205,-0.000541307,-0.031888612,-0.043014041,0.101327322,-0.003670777,0.001225331,-0.004827406,0.011061561,-0.011607029,0.00195527,0.00201924,0.004872,-0.009653017,0.25682173,0.150271737,0.113877645,0.051293303,0.027263819,0.105363511,0.039471616,0.140286526,0.130398512,0.02241679,0.034978802,0.195240746,-0.011122141,-0.011193067,-0.017055016,0.166635493,0.168636628,0.44807366,0.028040073,0.028908254,0.372301266,0.371175575,0.038257436,0.032326384,0.217291733,0.09983478,0.144910685,-0.021752442,-0.153731805,-0.024523841,-0.068147137,-0.175143585,-0.06858741,-0.042629441,-0.05561376,-0.068142027,-0.148106312,-0.020676992,0.032890645,0.098212911,0.050940184,0.096619549,0.087892689,0.074636332,0.036745371,0.060730217,0.112900826,0.063963057,0.249236243,0.090953999,,
prob,0.008436565,0.135163218,0.082219784,0.0125185,0.020005829,0.102242751,-0.011729556,-0.01056926,0.045621572,0.020557034,0.05834311,0.071590556,0.013058104,0.003119928,-0.004143046,0.011603778,-0.003007058,0.015697177,0.087504266,0.01154739,-0.009130345,0.009080556,0.01154739,-0.004764428,0.01154739,-0.004331843,0.091829023,-0.007001744,0.011089382,0.01166963,-0.005773695,0.021754835,-1.99E-05,-0.0019422,-0.061371523,0.001488211,0.007392827,-0.005185908,0.066219279,0.051342683,0.053498412,-0.016352682,0.012951416,0.017578259,0.035437289,0.038468152,0.021388907,0.02378274,0.211715196,0.212895871,0.076258233,0.259057184,0.121187377,0.287503065,0.114872711,0.088031958,0.086899727,0.018057783,0.089619767,0.142511938,0.014830834,0.014724091,0.119861777,0.0842414,0.060245968,0.123586035,0.054898255,0.062017557,0.1770147,0.177653855,0.044696404,0.038099634,0.147105274,0.085378753,0.017766723,0.039711193,0.087467684,0.039145318,0.081319551,0.070470367,0.081220256,0.048934728,0.077227413,0.081331894,0.078453743,0.017739724,0.064614201,0.094073625,0.058385139,0.095942077,0.079212454,0.077518708,0.051410686,0.061329726,0.017824422,0.07295763,0.074019946,0.08626236,0.133783854,
